{"cameraMode":{"drawMode":0,"name":"Shaded","section":"Shading Mode"},"sceneLighting":false,"audioPlay":false,"sceneViewState":{"showFog":true,"showMaterialUpdate":false,"showSkybox":true,"showFlares":true,"showImageEffects":true,"showParticleSystems":true},"in2DMode":false,"pivot":{"x":-3.170893907546997,"y":-4.539726734161377,"z":1.492807149887085},"rotation":{"x":0.1962539702653885,"y":-0.13627874851226808,"z":0.02765127643942833,"w":0.9707087874412537},"size":15.03907585144043,"orthographic":false}